date,averaging_period_end,actual_balances,required_reserves_avg,accounting_reserves,averaging_period_days,spread
01-09-2004,30-09-2004,195.45666666666665,8.7,116.0,30,186.75666666666666
01-10-2004,31-10-2004,231.54032258064515,9.1,117.3,31,222.44032258064516
01-11-2004,30-11-2004,282.4883333333334,11.5,118.9,30,270.9883333333334
01-12-2004,31-12-2004,368.25967741935483,12.0,121.7,31,356.25967741935483
01-01-2005,31-01-2005,356.6758064516129,12.7,171.6,31,343.9758064516129
01-02-2005,28-02-2005,265.6303571428571,13.2,129.1,28,252.43035714285713
01-03-2005,31-03-2005,286.12580645161296,13.4,133.2,31,272.725806451613
01-04-2005,30-04-2005,258.43000000000006,12.9,134.4,30,245.53000000000006
01-05-2005,31-05-2005,239.0129032258064,14.4,135.1,31,224.6129032258064
01-06-2005,30-06-2005,242.8233333333333,15.1,137.2,30,227.7233333333333
01-07-2005,31-07-2005,246.86612903225807,15.8,142.0,31,231.06612903225806
01-08-2005,31-08-2005,267.33225806451617,16.3,144.7,31,251.03225806451616
01-09-2005,30-09-2005,297.8116666666666,16.8,150.0,30,281.0116666666666
01-10-2005,31-10-2005,317.6854838709677,16.9,154.6,31,300.7854838709677
01-11-2005,30-11-2005,274.835,16.5,159.8,30,258.335
01-12-2005,31-12-2005,366.5193548387097,17.9,161.3,31,348.61935483870974
01-01-2006,31-01-2006,399.04193548387104,19.2,171.6,31,379.84193548387105
01-02-2006,28-02-2006,326.26785714285717,19.2,168.3,28,307.0678571428572
01-03-2006,31-03-2006,325.8451612903226,19.5,172.1,31,306.3451612903226
01-04-2006,30-04-2006,323.41666666666663,20.2,176.1,30,303.21666666666664
01-05-2006,31-05-2006,353.9483870967741,20.7,183.1,31,333.24838709677414
01-06-2006,30-06-2006,365.7316666666666,21.6,190.2,30,344.1316666666666
01-07-2006,31-07-2006,388.3499999999999,22.5,193.9,31,365.8499999999999
01-08-2006,31-08-2006,357.31935483870967,23.7,204.2,31,333.6193548387097
01-09-2006,30-09-2006,356.32666666666665,23.9,205.8,30,332.4266666666667
01-10-2006,31-10-2006,359.7225806451612,38.0,207.2,31,321.7225806451612
01-11-2006,30-11-2006,337.58166666666676,40.3,212.7,30,297.28166666666675
01-12-2006,31-12-2006,492.6870967741936,43.2,221.1,31,449.4870967741936
01-01-2007,31-01-2007,506.716129032258,46.5,229.4,31,460.216129032258
01-02-2007,28-02-2007,405.04642857142863,71.2,210.5,28,333.84642857142865
01-03-2007,31-03-2007,595.0354838709678,73.4,209.6,31,521.6354838709678
01-04-2007,30-04-2007,426.55,76.8,219.1,30,349.75
01-05-2007,31-05-2007,430.23225806451615,81.7,229.9,31,348.53225806451616
01-06-2007,30-06-2007,470.68,90.0,244.8,30,380.68
01-07-2007,31-07-2007,480.4548387096775,112.9,317.7,31,367.5548387096775
01-08-2007,31-08-2007,445.38548387096773,118.9,311.0,31,326.48548387096776
01-09-2007,30-09-2007,466.82166666666666,118.6,318.8,30,348.2216666666667
01-10-2007,31-10-2007,491.0822580645161,96.8,260.5,31,394.2822580645161
01-11-2007,30-11-2007,510.56666666666655,122.5,222.8,30,388.06666666666655
01-12-2007,31-12-2007,704.7806451612904,124.1,220.7,31,580.6806451612904
01-01-2008,31-01-2008,673.1822580645161,130.8,234.0,31,542.382258064516
01-02-2008,29-02-2008,521.343103448276,178.5,316.5,29,342.843103448276
01-03-2008,31-03-2008,556.333870967742,225.9,339.3,31,330.433870967742
01-04-2008,30-04-2008,550.2016666666669,227.9,345.7,30,322.30166666666696
01-05-2008,31-05-2008,580.0983870967742,239.2,350.4,31,340.89838709677423
01-06-2008,30-06-2008,607.4316666666667,243.2,360.3,30,364.23166666666674
01-07-2008,31-07-2008,606.109677419355,312.6,388.0,31,293.50967741935494
01-08-2008,31-08-2008,618.6161290322582,319.6,397.7,31,299.01612903225816
01-09-2008,30-09-2008,731.9016666666668,150.4,151.8,30,581.5016666666668
01-10-2008,31-10-2008,581.0548387096775,42.1,34.1,31,538.9548387096775
01-11-2008,30-11-2008,590.0933333333335,37.6,30.0,30,552.4933333333335
01-12-2008,31-12-2008,644.1112903225807,37.5,29.8,31,606.6112903225807
01-01-2009,31-01-2009,681.2741935483872,37.0,29.4,31,644.2741935483872
01-02-2009,28-02-2009,413.47499999999997,39.1,31.1,28,374.37499999999994
01-03-2009,31-03-2009,397.4209677419355,41.8,33.3,31,355.6209677419355
01-04-2009,30-04-2009,388.27666666666676,40.9,32.5,30,347.3766666666668
01-05-2009,31-05-2009,400.1758064516129,39.8,31.5,31,360.3758064516129
01-06-2009,30-06-2009,419.2733333333334,78.8,61.8,30,340.4733333333334
01-07-2009,31-07-2009,406.241935483871,121.7,93.2,31,284.541935483871
01-08-2009,31-08-2009,465.2096774193549,163.2,125.3,31,302.0096774193549
01-09-2009,30-09-2009,501.8866666666668,199.9,153.9,30,301.9866666666668
01-10-2009,31-10-2009,535.8499999999999,199.7,154.0,31,336.1499999999999
01-11-2009,30-11-2009,561.63,195.4,151.4,30,366.23
10-12-2009,09-01-2010,713.198387096774,195.0,151.4,31,518.198387096774
10-01-2010,09-02-2010,528.7338709677418,200.3,156.5,31,328.4338709677418
10-02-2010,09-03-2010,476.2196428571429,203.5,159.1,28,272.7196428571429
10-03-2010,09-04-2010,510.71935483870965,197.1,167.7,31,313.6193548387097
10-04-2010,09-05-2010,500.5516666666666,185.6,183.1,30,314.9516666666666
10-05-2010,09-06-2010,504.333870967742,205.3,170.4,31,299.03387096774196
10-06-2010,09-07-2010,572.0433333333334,206.8,175.5,30,365.2433333333334
10-07-2010,09-08-2010,494.29999999999995,207.8,180.8,31,286.49999999999994
10-08-2010,09-09-2010,491.04516129032237,217.3,179.3,31,273.74516129032236
10-09-2010,09-10-2010,502.83,219.8,182.2,30,283.03
10-10-2010,09-11-2010,511.6387096774194,225.7,186.2,31,285.9387096774194
10-11-2010,09-12-2010,523.14,227.5,185.7,30,295.64
10-12-2010,09-01-2011,755.3887096774195,233.1,188.4,31,522.2887096774194
10-01-2011,09-02-2011,561.3758064516129,246.0,192.0,31,315.3758064516129
10-02-2011,09-03-2011,525.2107142857143,250.6,195.2,28,274.61071428571427
10-03-2011,09-04-2011,552.2822580645161,304.0,244.1,31,248.2822580645161
10-04-2011,09-05-2011,604.558333333333,362.5,280.8,30,242.05833333333305
10-05-2011,09-06-2011,640.7225806451613,418.1,335.4,31,222.6225806451613
10-06-2011,09-07-2011,655.4883333333333,430.4,331.3,30,225.08833333333337
10-07-2011,09-08-2011,663.7258064516128,437.4,341.6,31,226.32580645161283
10-08-2011,09-09-2011,670.7870967741934,446.7,342.6,31,224.0870967741934
10-09-2011,09-10-2011,704.5666666666665,455.0,347.0,30,249.5666666666665
10-10-2011,09-11-2011,699.9,469.2,356.6,31,230.7
10-11-2011,09-12-2011,719.6633333333335,486.2,369.6,30,233.46333333333354
10-12-2011,09-01-2012,953.2241935483873,501.7,378.4,31,451.52419354838736
10-01-2012,09-02-2012,773.6048387096772,518.1,390.1,31,255.5048387096772
10-02-2012,09-03-2012,724.7196428571432,526.7,393.9,29,198.01964285714314
10-03-2012,09-04-2012,710.1661290322579,512.9,385.2,31,197.26612903225794
10-04-2012,09-05-2012,692.8683333333336,508.1,382.7,30,184.76833333333354
10-05-2012,09-06-2012,688.5338709677418,517.3,387.7,31,171.23387096774184
10-06-2012,09-07-2012,707.6216666666666,526.4,392.8,30,181.22166666666658
10-07-2012,09-08-2012,720.2790322580646,543.1,403.2,31,177.17903225806458
10-08-2012,09-09-2012,712.5387096774191,540.6,407.1,31,171.93870967741907
10-09-2012,09-10-2012,729.2166666666668,549.2,411.5,30,180.01666666666677
10-10-2012,09-11-2012,738.0693548387098,554.3,413.9,31,183.7693548387099
10-11-2012,09-12-2012,744.7016666666666,563.3,419.5,30,181.40166666666664
10-12-2012,09-01-2013,1054.9790322580645,569.5,425.6,31,485.47903225806454
10-01-2013,09-02-2013,841.8306451612904,593.1,441.0,31,248.73064516129034
10-02-2013,09-03-2013,789.8696428571432,601.0,446.7,28,188.86964285714316
10-03-2013,09-04-2013,798.2435483870968,605.5,449.5,31,192.74354838709678
10-04-2013,09-05-2013,841.4666666666669,640.1,473.6,30,201.3666666666669
10-05-2013,09-06-2013,858.698387096774,666.0,487.0,31,192.698387096774
10-06-2013,09-07-2013,890.6966666666668,676.5,497.7,30,214.19666666666683
10-07-2013,09-08-2013,871.4274193548389,686.1,507.5,31,185.32741935483887
10-08-2013,09-09-2013,840.5499999999998,674.9,501.6,31,165.64999999999986
10-09-2013,09-10-2013,865.705,679.6,506.1,30,186.10500000000002
10-10-2013,09-11-2013,862.2161290322582,675.3,507.7,31,186.91612903225825
10-11-2013,09-12-2013,888.1166666666667,683.6,506.4,30,204.51666666666665
10-12-2013,09-01-2014,1242.059677419355,794.1,402.3,31,447.959677419355
10-01-2014,09-02-2014,1067.0774193548389,825.8,404.8,31,241.2774193548389
10-02-2014,09-03-2014,1027.355357142857,846.1,412.3,28,181.25535714285695
10-03-2014,09-04-2014,1050.0274193548385,866.0,439.9,31,184.02741935483846
10-04-2014,09-05-2014,1060.5583333333334,883.4,430.1,30,177.15833333333342
10-05-2014,09-06-2014,1060.4935483870966,894.6,430.3,31,165.89354838709653
10-06-2014,09-07-2014,1078.405,880.7,427.8,30,197.70499999999993
10-07-2014,09-08-2014,1043.0354838709677,877.4,428.6,31,165.63548387096773
10-08-2014,09-09-2014,1003.5967741935484,833.6,446.6,31,169.9967741935484
10-09-2014,09-10-2014,1019.7950000000001,861.1,427.1,30,158.69500000000005
10-10-2014,09-11-2014,1052.0467741935486,871.7,432.7,31,180.34677419354853
10-11-2014,09-12-2014,1094.0883333333334,909.0,451.9,30,185.08833333333337
10-12-2014,09-01-2015,1518.6951612903222,966.9,470.8,31,551.7951612903222
10-01-2015,09-02-2015,1224.9064516129033,1047.1,496.7,31,177.8064516129034
10-02-2015,09-03-2015,1214.5803571428569,1066.7,491.7,28,147.88035714285684
10-03-2015,09-04-2015,1215.8774193548386,1102.8,504.2,31,113.07741935483864
10-04-2015,09-05-2015,1188.9566666666663,1063.3,483.5,30,125.6566666666663
10-05-2015,09-06-2015,1138.9467741935484,1006.2,457.5,31,132.7467741935484
10-06-2015,09-07-2015,1163.0483333333332,1020.6,463.8,30,142.44833333333315
10-07-2015,09-08-2015,1201.9177419354835,1048.4,475.4,31,153.5177419354834
10-08-2015,09-09-2015,1205.0016129032256,1068.6,486.5,31,136.40161290322567
10-09-2015,09-10-2015,1398.0783333333334,1257.2,361.2,30,140.87833333333333
10-10-2015,09-11-2015,1465.532258064516,1320.6,365.3,31,144.9322580645162
10-11-2015,09-12-2015,1423.2816666666663,1290.0,356.9,30,133.2816666666663
10-12-2015,09-01-2016,1665.2806451612905,1318.7,363.4,31,346.5806451612905
10-01-2016,10-02-2016,1529.3824483437495,1367.1,382.3,32,162.2824483437496
11-02-2016,09-03-2016,1581.0142857142855,1416.2,386.3,28,164.81428571428546
10-03-2016,06-04-2016,1566.4357142857139,1439.1,391.1,28,127.33571428571395
07-04-2016,11-05-2016,1514.8114285714291,1380.1,375.3,35,134.71142857142922
12-05-2016,08-06-2016,1562.607142857142,1451.1,394.1,28,111.50714285714207
09-06-2016,06-07-2016,1569.771428571429,1443.0,391.5,28,126.77142857142894
07-07-2016,03-08-2016,1576.6392857142862,1442.6,391.4,28,134.03928571428628
04-08-2016,07-09-2016,1628.0885714285716,1525.5,413.8,35,102.58857142857164
08-09-2016,05-10-2016,1884.5,1760.0,477.6,28,124.5
06-10-2016,09-11-2016,1867.9,1761.4,476.7,35,106.5
10-11-2016,07-12-2016,1852.2,1746.7,475.2,28,105.5
08-12-2016,11-01-2017,1978.8,1765.6,481.9,35,213.20000000000005
11-01-2017,07-02-2017,1858.2,1743.3,478.2,28,114.90000000000009
08-02-2017,07-03-2017,1989.4,1874.4,514.6,28,115.0
08-03-2017,11-04-2017,1971.0,1865.1,507.5,35,105.90000000000009
12-04-2017,09-05-2017,1981.0,1848.1,504.9,28,132.9000000000001
10-05-2017,06-06-2017,1931.4,1841.6,501.0,28,89.80000000000018
07-06-2017,11-07-2017,1945.9,1861.4,506.5,35,84.5
12-07-2017,08-08-2017,1967.1,1871.4,504.3,28,95.69999999999982
09-08-2017,05-09-2017,1983.0,1901.7,508.9,28,81.29999999999995
06-09-2017,10-10-2017,1979.9,1895.1,505.9,35,84.80000000000018
11-10-2017,07-11-2017,1974.1,1874.3,497.0,28,99.79999999999995
08-11-2017,05-12-2017,1967.7,1885.0,497.5,28,82.70000000000005
06-12-2017,09-01-2018,2172.9,1901.3,506.2,35,271.60000000000014
10-01-2018,06-02-2018,2011.1,1907.2,506.2,28,103.89999999999986
07-02-2018,06-03-2018,2001.1,1908.5,506.4,28,92.59999999999991
07-03-2018,10-04-2018,2024.6,1929.5,507.3,35,95.09999999999991
11-04-2018,08-05-2018,2041.2,1936.3,508.5,28,104.90000000000009
09-05-2018,05-06-2018,2071.3,1992.4,521.9,28,78.90000000000009
06-06-2018,10-07-2018,2104.9,2016.1,527.7,35,88.80000000000018
11-07-2018,07-08-2018,2105.8,2023.8,531.3,28,82.00000000000023
08-08-2018,04-09-2018,2100.3,2025.2,527.1,28,75.10000000000014
05-09-2018,09-10-2018,2236.1,2167.8,563.6,35,68.29999999999973
10-10-2018,06-11-2018,2278.5,2210.1,570.1,28,68.40000000000009
07-11-2018,04-12-2018,2273.9,2200.5,569.2,28,73.40000000000009
05-12-2018,08-01-2019,2394.6,2202.2,575.3,35,192.4000000000001
09-01-2019,05-02-2019,2331.4,2258.0,586.3,28,73.40000000000009
06-02-2019,05-03-2019,2337.5,2272.8,588.4,28,64.69999999999982
06-03-2019,09-04-2019,2346.3,2278.9,587.2,35,67.40000000000009
10-04-2019,07-05-2019,2377.0,2293.5,588.9,28,83.5
08-05-2019,04-06-2019,2389.1,2324.4,593.9,28,64.69999999999982
05-06-2019,09-07-2019,2393.7,2333.9,595.9,35,59.79999999999973
10-07-2019,06-08-2019,2403.8,2334.8,596.7,28,69.0
07-08-2019,03-09-2019,2424.3,2362.6,603.8,28,61.70000000000027
04-09-2019,08-10-2019,2490.2,2429.5,620.1,35,60.69999999999982
09-10-2019,05-11-2019,2488.6,2430.2,618.9,28,58.40000000000009
06-11-2019,10-12-2019,2499.1,2436.2,619.4,35,62.90000000000009
11-12-2019,14-01-2020,2526.4,2427.8,617.4,35,98.59999999999991
15-01-2020,11-02-2020,2479.3,2418.4,617.6,28,60.90000000000009
12-02-2020,10-03-2020,2474.1,2398.3,612.7,28,75.79999999999973
11-03-2020,07-04-2020,2536.4,2430.8,622.0,28,105.59999999999991
08-04-2020,12-05-2020,2684.8,2604.9,664.8,35,79.90000000000009
13-05-2020,09-06-2020,2699.5,2634.6,671.3,28,64.90000000000009
10-06-2020,07-07-2020,2635.7,2569.5,656.3,28,66.19999999999982
08-07-2020,04-08-2020,2589.6,2528.5,646.7,28,61.09999999999991
05-08-2020,08-09-2020,2631.7,2577.9,659.2,35,53.79999999999973
09-09-2020,06-10-2020,2699.0,2633.9,673.2,28,65.09999999999991
07-10-2020,10-11-2020,2753.1,2688.3,686.2,35,64.79999999999973
11-11-2020,08-12-2020,2806.4,2736.7,699.0,28,69.70000000000027
09-12-2020,12-01-2021,2902.0,2790.7,713.6,35,111.30000000000018
13-01-2021,09-02-2021,2878.5,2818.1,720.7,28,60.40000000000009
10-02-2021,09-03-2021,2895.3,2825.0,722.0,28,70.30000000000018
10-03-2021,06-04-2021,2964.7,2906.3,740.9,28,58.399999999999636
07-04-2021,11-05-2021,3010.7,2934.1,748.8,35,76.59999999999991
12-05-2021,08-06-2021,3081.6,3005.8,771.8,28,75.79999999999973
09-06-2021,06-07-2021,3134.3,3032.0,772.4,28,102.30000000000018
07-07-2021,10-08-2021,3169.3,3038.5,773.5,35,130.80000000000018
11-08-2021,07-09-2021,3193.5,3058.6,777.9,28,134.9000000000001
08-09-2021,12-10-2021,3242.9,3104.1,788.5,35,138.80000000000018
13-10-2021,09-11-2021,3264.6,3131.5,794.4,28,133.0999999999999
10-11-2021,07-12-2021,3292.1,3148.9,799.9,28,143.19999999999982
08-12-2021,11-01-2022,3352.8,3207.4,815.3,35,145.4000000000001
12-01-2022,08-02-2022,3323.2,3244.6,825.4,28,78.59999999999991
09-02-2022,08-03-2022,3307.2,3304.6,843.3,28,2.599999999999909
09-03-2022,12-04-2022,1464.9,1283.1,150.0,35,181.80000000000018
13-04-2022,17-05-2022,1541.8,1420.9,162.1,35,120.89999999999986
18-05-2022,14-06-2022,1464.9,1325.5,145.9,28,139.4000000000001
15-06-2022,12-07-2022,1774.4,1631.2,145.9,28,143.20000000000005
13-07-2022,09-08-2022,1719.6,1568.7,146.0,28,150.89999999999986
10-08-2022,13-09-2022,1694.4,1562.1,146.0,35,132.30000000000018
14-09-2022,11-10-2022,2451.6,2320.5,145.9,28,131.0999999999999
12-10-2022,15-11-2022,2430.3,2323.3,145.9,35,107.0
16-11-2022,13-12-2022,2406.7,2305.2,145.9,28,101.5
14-12-2022,17-01-2023,2460.6,2322.1,145.9,35,138.5
18-01-2023,14-02-2023,2513.2,2431.6,145.9,28,81.59999999999991
15-02-2023,14-03-2023,2495.8,2402.1,265.4,28,93.70000000000027
15-03-2023,11-04-2023,2539.5,2453.2,265.4,28,86.30000000000018
12-04-2023,16-05-2023,3634.2,3547.9,265.3,35,86.29999999999973
17-05-2023,13-06-2023,3693.1,3611.6,271.3,28,81.5
14-06-2023,11-07-2023,3689.9,3621.4,271.3,28,68.5
12-07-2023,08-08-2023,4328.4,4255.8,271.3,28,72.59999999999945
09-08-2023,12-09-2023,4467.4,4385.3,271.7,35,82.09999999999945
13-09-2023,10-10-2023,4577.9,4503.9,271.7,28,74.0
11-10-2023,14-11-2023,4641.0,4562.5,271.7,35,78.5
15-11-2023,12-12-2023,4667.076071714286,4595.6,271.7,28,71.47607171428535
13-12-2023,16-01-2024,4656.088571428571,4564.6,271.7,35,91.48857142857105
17-01-2024,13-02-2024,4723.0,4647.3,273.2,28,75.69999999999982
14-02-2024,12-03-2024,4799.78,4712.3,273.1,28,87.47999999999956
13-03-2024,09-04-2024,4658.6,4571.8,504.2,28,86.80000000000018
10-04-2024,07-05-2024,4670.0,4581.9,504.2,28,88.10000000000036
08-05-2024,04-06-2024,4751.6,4677.0,504.2,28,74.60000000000036
05-06-2024,09-07-2024,4954.5,4742.1,504.1,35,212.39999999999964
10-07-2024,13-08-2024,5134.3,4769.3,504.0,35,365.0
14-08-2024,10-09-2024,4989.1,4746.3,504.0,28,242.80000000000018
11-09-2024,08-10-2024,4923.8,4806.6,504.0,28,117.19999999999982
09-10-2024,12-11-2024,5051.7,4925.4,504.0,35,126.30000000000018
13-11-2024,10-12-2024,5135.4,5019.5,504.0,28,115.89999999999964
11-12-2024,14-01-2025,5291.5,5136.3,499.3,35,155.19999999999982
15-01-2025,11-02-2025,5232.9,5150.2,499.7,28,82.69999999999982
12-02-2025,11-03-2025,5239.2,5181.7,499.7,28,57.5
12-03-2025,08-04-2025,5110.0,5064.8,560.8,28,45.19999999999982
09-04-2025,06-05-2025,5052.1,4995.7,560.8,28,56.400000000000546
07-05-2025,03-06-2025,5009.7,4963.4,560.8,28,46.30000000000018
04-06-2025,08-07-2025,5027.02,4960.1,554.8,35,66.92000000000007
09-07-2025,12-08-2025,4996.1,4950.9,554.8,35,45.20000000000073
13-08-2025,09-09-2025,5058.6,5003.6,554.8,28,55.0
10-09-2025,07-10-2025,5147.3,5080.5,554.8,28,66.80000000000018
08-10-2025,11-11-2025,5250.5,5185.4,554.6,35,65.10000000000036
12-11-2025,09-12-2025,5265.5,5203.3,554.1,28,62.19999999999982
10-12-2025,13-01-2026,5428.5,5307.6,554.1,35,120.89999999999964
14-01-2026,10-02-2026,5414.2,5314.3,554.6,28,99.89999999999964
11-02-2026,10-03-2026,5451.2,5342.2,554.6,28,109.0
11-03-2026,14-04-2026,5407.2,5301.4,587.5,35,105.80000000000018
